<annotation>
	<folder>images</folder>
	<filename>0e8d9b3e-3cf0-467c-b134-1d72ef08cc1a_1.jpg</filename>
	<path>C:\Users\port3\repositories\api-6-semestre\src\server\imageRecognition\resources\trainData\images\0e8d9b3e-3cf0-467c-b134-1d72ef08cc1a_1.jpg</path>
	<source>
		<database>Unknown</database>
	</source>
	<size>
		<width>1100</width>
		<height>1100</height>
		<depth>3</depth>
	</size>
	<segmented>0</segmented>
	<object>
		<name>soy</name>
		<pose>Unspecified</pose>
		<truncated>0</truncated>
		<difficult>0</difficult>
		<bndbox>
			<xmin>471</xmin>
			<ymin>298</ymin>
			<xmax>641</xmax>
			<ymax>811</ymax>
		</bndbox>
	</object>
	<object>
		<name>pod</name>
		<pose>Unspecified</pose>
		<truncated>0</truncated>
		<difficult>0</difficult>
		<bndbox>
			<xmin>588</xmin>
			<ymin>466</ymin>
			<xmax>613</xmax>
			<ymax>487</ymax>
		</bndbox>
	</object>
	<object>
		<name>pod</name>
		<pose>Unspecified</pose>
		<truncated>0</truncated>
		<difficult>0</difficult>
		<bndbox>
			<xmin>585</xmin>
			<ymin>488</ymin>
			<xmax>599</xmax>
			<ymax>505</ymax>
		</bndbox>
	</object>
	<object>
		<name>pod</name>
		<pose>Unspecified</pose>
		<truncated>0</truncated>
		<difficult>0</difficult>
		<bndbox>
			<xmin>503</xmin>
			<ymin>507</ymin>
			<xmax>527</xmax>
			<ymax>523</ymax>
		</bndbox>
	</object>
	<object>
		<name>pod</name>
		<pose>Unspecified</pose>
		<truncated>0</truncated>
		<difficult>0</difficult>
		<bndbox>
			<xmin>584</xmin>
			<ymin>349</ymin>
			<xmax>609</xmax>
			<ymax>370</ymax>
		</bndbox>
	</object>
	<object>
		<name>pod</name>
		<pose>Unspecified</pose>
		<truncated>0</truncated>
		<difficult>0</difficult>
		<bndbox>
			<xmin>559</xmin>
			<ymin>349</ymin>
			<xmax>576</xmax>
			<ymax>371</ymax>
		</bndbox>
	</object>
	<object>
		<name>pod</name>
		<pose>Unspecified</pose>
		<truncated>0</truncated>
		<difficult>0</difficult>
		<bndbox>
			<xmin>593</xmin>
			<ymin>330</ymin>
			<xmax>606</xmax>
			<ymax>344</ymax>
		</bndbox>
	</object>
	<object>
		<name>pod</name>
		<pose>Unspecified</pose>
		<truncated>0</truncated>
		<difficult>0</difficult>
		<bndbox>
			<xmin>582</xmin>
			<ymin>380</ymin>
			<xmax>603</xmax>
			<ymax>390</ymax>
		</bndbox>
	</object>
	<object>
		<name>pod</name>
		<pose>Unspecified</pose>
		<truncated>0</truncated>
		<difficult>0</difficult>
		<bndbox>
			<xmin>577</xmin>
			<ymin>388</ymin>
			<xmax>588</xmax>
			<ymax>401</ymax>
		</bndbox>
	</object>
	<object>
		<name>pod</name>
		<pose>Unspecified</pose>
		<truncated>0</truncated>
		<difficult>0</difficult>
		<bndbox>
			<xmin>503</xmin>
			<ymin>575</ymin>
			<xmax>518</xmax>
			<ymax>596</ymax>
		</bndbox>
	</object>
</annotation>
