<annotation>
	<folder>images</folder>
	<filename>1e1de153-012f-4cf1-b450-1e331e7fb087_1.jpg</filename>
	<path>C:\Users\port3\repositories\api-6-semestre\src\server\imageRecognition\resources\trainData\images\1e1de153-012f-4cf1-b450-1e331e7fb087_1.jpg</path>
	<source>
		<database>Unknown</database>
	</source>
	<size>
		<width>1100</width>
		<height>1100</height>
		<depth>3</depth>
	</size>
	<segmented>0</segmented>
	<object>
		<name>soy</name>
		<pose>Unspecified</pose>
		<truncated>0</truncated>
		<difficult>0</difficult>
		<bndbox>
			<xmin>493</xmin>
			<ymin>157</ymin>
			<xmax>616</xmax>
			<ymax>891</ymax>
		</bndbox>
	</object>
	<object>
		<name>pod</name>
		<pose>Unspecified</pose>
		<truncated>0</truncated>
		<difficult>0</difficult>
		<bndbox>
			<xmin>567</xmin>
			<ymin>270</ymin>
			<xmax>592</xmax>
			<ymax>292</ymax>
		</bndbox>
	</object>
	<object>
		<name>pod</name>
		<pose>Unspecified</pose>
		<truncated>0</truncated>
		<difficult>0</difficult>
		<bndbox>
			<xmin>537</xmin>
			<ymin>265</ymin>
			<xmax>566</xmax>
			<ymax>286</ymax>
		</bndbox>
	</object>
	<object>
		<name>pod</name>
		<pose>Unspecified</pose>
		<truncated>0</truncated>
		<difficult>0</difficult>
		<bndbox>
			<xmin>539</xmin>
			<ymin>313</ymin>
			<xmax>562</xmax>
			<ymax>344</ymax>
		</bndbox>
	</object>
	<object>
		<name>pod</name>
		<pose>Unspecified</pose>
		<truncated>0</truncated>
		<difficult>0</difficult>
		<bndbox>
			<xmin>523</xmin>
			<ymin>408</ymin>
			<xmax>551</xmax>
			<ymax>425</ymax>
		</bndbox>
	</object>
	<object>
		<name>pod</name>
		<pose>Unspecified</pose>
		<truncated>0</truncated>
		<difficult>0</difficult>
		<bndbox>
			<xmin>564</xmin>
			<ymin>464</ymin>
			<xmax>590</xmax>
			<ymax>492</ymax>
		</bndbox>
	</object>
	<object>
		<name>pod</name>
		<pose>Unspecified</pose>
		<truncated>0</truncated>
		<difficult>0</difficult>
		<bndbox>
			<xmin>575</xmin>
			<ymin>510</ymin>
			<xmax>587</xmax>
			<ymax>541</ymax>
		</bndbox>
	</object>
	<object>
		<name>pod</name>
		<pose>Unspecified</pose>
		<truncated>0</truncated>
		<difficult>0</difficult>
		<bndbox>
			<xmin>556</xmin>
			<ymin>510</ymin>
			<xmax>576</xmax>
			<ymax>536</ymax>
		</bndbox>
	</object>
	<object>
		<name>pod</name>
		<pose>Unspecified</pose>
		<truncated>0</truncated>
		<difficult>0</difficult>
		<bndbox>
			<xmin>537</xmin>
			<ymin>589</ymin>
			<xmax>555</xmax>
			<ymax>630</ymax>
		</bndbox>
	</object>
	<object>
		<name>pod</name>
		<pose>Unspecified</pose>
		<truncated>0</truncated>
		<difficult>0</difficult>
		<bndbox>
			<xmin>528</xmin>
			<ymin>461</ymin>
			<xmax>555</xmax>
			<ymax>483</ymax>
		</bndbox>
	</object>
	<object>
		<name>pod</name>
		<pose>Unspecified</pose>
		<truncated>0</truncated>
		<difficult>0</difficult>
		<bndbox>
			<xmin>589</xmin>
			<ymin>166</ymin>
			<xmax>602</xmax>
			<ymax>191</ymax>
		</bndbox>
	</object>
</annotation>
