<annotation>
	<folder>images</folder>
	<filename>4c63f3dc-dd9a-4424-aa69-97e474a9d481_1.jpg</filename>
	<path>C:\Users\port3\repositories\api-6-semestre\src\server\imageRecognition\resources\trainData\images\4c63f3dc-dd9a-4424-aa69-97e474a9d481_1.jpg</path>
	<source>
		<database>Unknown</database>
	</source>
	<size>
		<width>1100</width>
		<height>1100</height>
		<depth>3</depth>
	</size>
	<segmented>0</segmented>
	<object>
		<name>soy</name>
		<pose>Unspecified</pose>
		<truncated>0</truncated>
		<difficult>0</difficult>
		<bndbox>
			<xmin>404</xmin>
			<ymin>248</ymin>
			<xmax>698</xmax>
			<ymax>846</ymax>
		</bndbox>
	</object>
	<object>
		<name>pod</name>
		<pose>Unspecified</pose>
		<truncated>0</truncated>
		<difficult>0</difficult>
		<bndbox>
			<xmin>591</xmin>
			<ymin>548</ymin>
			<xmax>630</xmax>
			<ymax>573</ymax>
		</bndbox>
	</object>
	<object>
		<name>pod</name>
		<pose>Unspecified</pose>
		<truncated>0</truncated>
		<difficult>0</difficult>
		<bndbox>
			<xmin>566</xmin>
			<ymin>468</ymin>
			<xmax>601</xmax>
			<ymax>525</ymax>
		</bndbox>
	</object>
	<object>
		<name>pod</name>
		<pose>Unspecified</pose>
		<truncated>0</truncated>
		<difficult>0</difficult>
		<bndbox>
			<xmin>544</xmin>
			<ymin>414</ymin>
			<xmax>577</xmax>
			<ymax>475</ymax>
		</bndbox>
	</object>
	<object>
		<name>pod</name>
		<pose>Unspecified</pose>
		<truncated>0</truncated>
		<difficult>0</difficult>
		<bndbox>
			<xmin>511</xmin>
			<ymin>412</ymin>
			<xmax>550</xmax>
			<ymax>458</ymax>
		</bndbox>
	</object>
	<object>
		<name>pod</name>
		<pose>Unspecified</pose>
		<truncated>0</truncated>
		<difficult>0</difficult>
		<bndbox>
			<xmin>506</xmin>
			<ymin>412</ymin>
			<xmax>540</xmax>
			<ymax>463</ymax>
		</bndbox>
	</object>
	<object>
		<name>pod</name>
		<pose>Unspecified</pose>
		<truncated>0</truncated>
		<difficult>0</difficult>
		<bndbox>
			<xmin>596</xmin>
			<ymin>589</ymin>
			<xmax>618</xmax>
			<ymax>642</ymax>
		</bndbox>
	</object>
	<object>
		<name>pod</name>
		<pose>Unspecified</pose>
		<truncated>0</truncated>
		<difficult>0</difficult>
		<bndbox>
			<xmin>608</xmin>
			<ymin>383</ymin>
			<xmax>630</xmax>
			<ymax>425</ymax>
		</bndbox>
	</object>
	<object>
		<name>pod</name>
		<pose>Unspecified</pose>
		<truncated>0</truncated>
		<difficult>0</difficult>
		<bndbox>
			<xmin>622</xmin>
			<ymin>341</ymin>
			<xmax>654</xmax>
			<ymax>373</ymax>
		</bndbox>
	</object>
	<object>
		<name>pod</name>
		<pose>Unspecified</pose>
		<truncated>0</truncated>
		<difficult>0</difficult>
		<bndbox>
			<xmin>620</xmin>
			<ymin>303</ymin>
			<xmax>658</xmax>
			<ymax>340</ymax>
		</bndbox>
	</object>
	<object>
		<name>pod</name>
		<pose>Unspecified</pose>
		<truncated>0</truncated>
		<difficult>0</difficult>
		<bndbox>
			<xmin>501</xmin>
			<ymin>294</ymin>
			<xmax>532</xmax>
			<ymax>332</ymax>
		</bndbox>
	</object>
	<object>
		<name>pod</name>
		<pose>Unspecified</pose>
		<truncated>0</truncated>
		<difficult>0</difficult>
		<bndbox>
			<xmin>499</xmin>
			<ymin>301</ymin>
			<xmax>522</xmax>
			<ymax>342</ymax>
		</bndbox>
	</object>
	<object>
		<name>pod</name>
		<pose>Unspecified</pose>
		<truncated>0</truncated>
		<difficult>0</difficult>
		<bndbox>
			<xmin>436</xmin>
			<ymin>356</ymin>
			<xmax>456</xmax>
			<ymax>402</ymax>
		</bndbox>
	</object>
	<object>
		<name>pod</name>
		<pose>Unspecified</pose>
		<truncated>0</truncated>
		<difficult>0</difficult>
		<bndbox>
			<xmin>429</xmin>
			<ymin>457</ymin>
			<xmax>445</xmax>
			<ymax>500</ymax>
		</bndbox>
	</object>
</annotation>
