<annotation>
	<folder>images</folder>
	<filename>6f68c6b6-accd-434b-817d-fd69dabaca54_1.jpg</filename>
	<path>/home/duda/Documents/API2/softtelie-ehsoja/src/server/imageRecognition/resources/trainData/images/6f68c6b6-accd-434b-817d-fd69dabaca54_1.jpg</path>
	<source>
		<database>Unknown</database>
	</source>
	<size>
		<width>1100</width>
		<height>1100</height>
		<depth>3</depth>
	</size>
	<segmented>0</segmented>
	<object>
		<name>soy</name>
		<pose>Unspecified</pose>
		<truncated>0</truncated>
		<difficult>0</difficult>
		<bndbox>
			<xmin>462</xmin>
			<ymin>282</ymin>
			<xmax>636</xmax>
			<ymax>816</ymax>
		</bndbox>
	</object>
	<object>
		<name>pod</name>
		<pose>Unspecified</pose>
		<truncated>0</truncated>
		<difficult>0</difficult>
		<bndbox>
			<xmin>560</xmin>
			<ymin>610</ymin>
			<xmax>575</xmax>
			<ymax>643</ymax>
		</bndbox>
	</object>
	<object>
		<name>pod</name>
		<pose>Unspecified</pose>
		<truncated>0</truncated>
		<difficult>0</difficult>
		<bndbox>
			<xmin>558</xmin>
			<ymin>531</ymin>
			<xmax>587</xmax>
			<ymax>553</ymax>
		</bndbox>
	</object>
	<object>
		<name>pod</name>
		<pose>Unspecified</pose>
		<truncated>0</truncated>
		<difficult>0</difficult>
		<bndbox>
			<xmin>463</xmin>
			<ymin>486</ymin>
			<xmax>486</xmax>
			<ymax>514</ymax>
		</bndbox>
	</object>
	<object>
		<name>pod</name>
		<pose>Unspecified</pose>
		<truncated>0</truncated>
		<difficult>0</difficult>
		<bndbox>
			<xmin>522</xmin>
			<ymin>455</ymin>
			<xmax>534</xmax>
			<ymax>481</ymax>
		</bndbox>
	</object>
	<object>
		<name>pod</name>
		<pose>Unspecified</pose>
		<truncated>0</truncated>
		<difficult>0</difficult>
		<bndbox>
			<xmin>616</xmin>
			<ymin>497</ymin>
			<xmax>637</xmax>
			<ymax>522</ymax>
		</bndbox>
	</object>
	<object>
		<name>pod</name>
		<pose>Unspecified</pose>
		<truncated>0</truncated>
		<difficult>0</difficult>
		<bndbox>
			<xmin>584</xmin>
			<ymin>482</ymin>
			<xmax>603</xmax>
			<ymax>501</ymax>
		</bndbox>
	</object>
	<object>
		<name>pod</name>
		<pose>Unspecified</pose>
		<truncated>0</truncated>
		<difficult>0</difficult>
		<bndbox>
			<xmin>570</xmin>
			<ymin>472</ymin>
			<xmax>587</xmax>
			<ymax>497</ymax>
		</bndbox>
	</object>
	<object>
		<name>pod</name>
		<pose>Unspecified</pose>
		<truncated>0</truncated>
		<difficult>0</difficult>
		<bndbox>
			<xmin>512</xmin>
			<ymin>511</ymin>
			<xmax>529</xmax>
			<ymax>539</ymax>
		</bndbox>
	</object>
	<object>
		<name>pod</name>
		<pose>Unspecified</pose>
		<truncated>0</truncated>
		<difficult>0</difficult>
		<bndbox>
			<xmin>500</xmin>
			<ymin>512</ymin>
			<xmax>524</xmax>
			<ymax>536</ymax>
		</bndbox>
	</object>
	<object>
		<name>pod</name>
		<pose>Unspecified</pose>
		<truncated>0</truncated>
		<difficult>0</difficult>
		<bndbox>
			<xmin>582</xmin>
			<ymin>382</ymin>
			<xmax>598</xmax>
			<ymax>410</ymax>
		</bndbox>
	</object>
	<object>
		<name>pod</name>
		<pose>Unspecified</pose>
		<truncated>0</truncated>
		<difficult>0</difficult>
		<bndbox>
			<xmin>571</xmin>
			<ymin>410</ymin>
			<xmax>593</xmax>
			<ymax>430</ymax>
		</bndbox>
	</object>
	<object>
		<name>pod</name>
		<pose>Unspecified</pose>
		<truncated>0</truncated>
		<difficult>0</difficult>
		<bndbox>
			<xmin>572</xmin>
			<ymin>427</ymin>
			<xmax>590</xmax>
			<ymax>453</ymax>
		</bndbox>
	</object>
	<object>
		<name>pod</name>
		<pose>Unspecified</pose>
		<truncated>0</truncated>
		<difficult>0</difficult>
		<bndbox>
			<xmin>577</xmin>
			<ymin>361</ymin>
			<xmax>596</xmax>
			<ymax>381</ymax>
		</bndbox>
	</object>
	<object>
		<name>pod</name>
		<pose>Unspecified</pose>
		<truncated>0</truncated>
		<difficult>0</difficult>
		<bndbox>
			<xmin>577</xmin>
			<ymin>339</ymin>
			<xmax>603</xmax>
			<ymax>361</ymax>
		</bndbox>
	</object>
	<object>
		<name>pod</name>
		<pose>Unspecified</pose>
		<truncated>0</truncated>
		<difficult>0</difficult>
		<bndbox>
			<xmin>562</xmin>
			<ymin>373</ymin>
			<xmax>581</xmax>
			<ymax>389</ymax>
		</bndbox>
	</object>
	<object>
		<name>pod</name>
		<pose>Unspecified</pose>
		<truncated>0</truncated>
		<difficult>0</difficult>
		<bndbox>
			<xmin>544</xmin>
			<ymin>449</ymin>
			<xmax>567</xmax>
			<ymax>472</ymax>
		</bndbox>
	</object>
	<object>
		<name>pod</name>
		<pose>Unspecified</pose>
		<truncated>0</truncated>
		<difficult>0</difficult>
		<bndbox>
			<xmin>543</xmin>
			<ymin>490</ymin>
			<xmax>559</xmax>
			<ymax>517</ymax>
		</bndbox>
	</object>
	<object>
		<name>pod</name>
		<pose>Unspecified</pose>
		<truncated>0</truncated>
		<difficult>0</difficult>
		<bndbox>
			<xmin>533</xmin>
			<ymin>519</ymin>
			<xmax>560</xmax>
			<ymax>533</ymax>
		</bndbox>
	</object>
	<object>
		<name>pod</name>
		<pose>Unspecified</pose>
		<truncated>0</truncated>
		<difficult>0</difficult>
		<bndbox>
			<xmin>562</xmin>
			<ymin>510</ymin>
			<xmax>583</xmax>
			<ymax>534</ymax>
		</bndbox>
	</object>
	<object>
		<name>pod</name>
		<pose>Unspecified</pose>
		<truncated>0</truncated>
		<difficult>0</difficult>
		<bndbox>
			<xmin>488</xmin>
			<ymin>476</ymin>
			<xmax>506</xmax>
			<ymax>506</ymax>
		</bndbox>
	</object>
</annotation>
