<annotation>
	<folder>images</folder>
	<filename>7a1a8042-c84b-446b-b66f-4887ee6b00fa_1.jpg</filename>
	<path>/home/duda/Documents/API2/softtelie-ehsoja/src/server/imageRecognition/resources/trainData/images/7a1a8042-c84b-446b-b66f-4887ee6b00fa_1.jpg</path>
	<source>
		<database>Unknown</database>
	</source>
	<size>
		<width>1100</width>
		<height>1100</height>
		<depth>3</depth>
	</size>
	<segmented>0</segmented>
	<object>
		<name>soy</name>
		<pose>Unspecified</pose>
		<truncated>0</truncated>
		<difficult>0</difficult>
		<bndbox>
			<xmin>475</xmin>
			<ymin>264</ymin>
			<xmax>630</xmax>
			<ymax>834</ymax>
		</bndbox>
	</object>
	<object>
		<name>pod</name>
		<pose>Unspecified</pose>
		<truncated>0</truncated>
		<difficult>0</difficult>
		<bndbox>
			<xmin>558</xmin>
			<ymin>565</ymin>
			<xmax>591</xmax>
			<ymax>593</ymax>
		</bndbox>
	</object>
	<object>
		<name>pod</name>
		<pose>Unspecified</pose>
		<truncated>0</truncated>
		<difficult>0</difficult>
		<bndbox>
			<xmin>553</xmin>
			<ymin>546</ymin>
			<xmax>584</xmax>
			<ymax>579</ymax>
		</bndbox>
	</object>
	<object>
		<name>pod</name>
		<pose>Unspecified</pose>
		<truncated>0</truncated>
		<difficult>0</difficult>
		<bndbox>
			<xmin>529</xmin>
			<ymin>547</ymin>
			<xmax>554</xmax>
			<ymax>570</ymax>
		</bndbox>
	</object>
	<object>
		<name>pod</name>
		<pose>Unspecified</pose>
		<truncated>0</truncated>
		<difficult>0</difficult>
		<bndbox>
			<xmin>502</xmin>
			<ymin>560</ymin>
			<xmax>537</xmax>
			<ymax>577</ymax>
		</bndbox>
	</object>
	<object>
		<name>pod</name>
		<pose>Unspecified</pose>
		<truncated>0</truncated>
		<difficult>0</difficult>
		<bndbox>
			<xmin>513</xmin>
			<ymin>515</ymin>
			<xmax>545</xmax>
			<ymax>532</ymax>
		</bndbox>
	</object>
	<object>
		<name>pod</name>
		<pose>Unspecified</pose>
		<truncated>0</truncated>
		<difficult>0</difficult>
		<bndbox>
			<xmin>544</xmin>
			<ymin>487</ymin>
			<xmax>577</xmax>
			<ymax>509</ymax>
		</bndbox>
	</object>
	<object>
		<name>pod</name>
		<pose>Unspecified</pose>
		<truncated>0</truncated>
		<difficult>0</difficult>
		<bndbox>
			<xmin>545</xmin>
			<ymin>512</ymin>
			<xmax>582</xmax>
			<ymax>526</ymax>
		</bndbox>
	</object>
	<object>
		<name>pod</name>
		<pose>Unspecified</pose>
		<truncated>0</truncated>
		<difficult>0</difficult>
		<bndbox>
			<xmin>540</xmin>
			<ymin>458</ymin>
			<xmax>577</xmax>
			<ymax>471</ymax>
		</bndbox>
	</object>
	<object>
		<name>pod</name>
		<pose>Unspecified</pose>
		<truncated>0</truncated>
		<difficult>0</difficult>
		<bndbox>
			<xmin>524</xmin>
			<ymin>455</ymin>
			<xmax>545</xmax>
			<ymax>477</ymax>
		</bndbox>
	</object>
	<object>
		<name>pod</name>
		<pose>Unspecified</pose>
		<truncated>0</truncated>
		<difficult>0</difficult>
		<bndbox>
			<xmin>557</xmin>
			<ymin>610</ymin>
			<xmax>588</xmax>
			<ymax>636</ymax>
		</bndbox>
	</object>
	<object>
		<name>pod</name>
		<pose>Unspecified</pose>
		<truncated>0</truncated>
		<difficult>0</difficult>
		<bndbox>
			<xmin>504</xmin>
			<ymin>433</ymin>
			<xmax>532</xmax>
			<ymax>444</ymax>
		</bndbox>
	</object>
</annotation>
