<annotation>
	<folder>images</folder>
	<filename>9badc8bd-480a-456d-a260-475321be38c2_1.jpg</filename>
	<path>/home/duda/Documents/API2/softtelie-ehsoja/src/server/imageRecognition/resources/trainData/images/9badc8bd-480a-456d-a260-475321be38c2_1.jpg</path>
	<source>
		<database>Unknown</database>
	</source>
	<size>
		<width>1100</width>
		<height>1100</height>
		<depth>3</depth>
	</size>
	<segmented>0</segmented>
	<object>
		<name>soy</name>
		<pose>Unspecified</pose>
		<truncated>0</truncated>
		<difficult>0</difficult>
		<bndbox>
			<xmin>441</xmin>
			<ymin>158</ymin>
			<xmax>652</xmax>
			<ymax>911</ymax>
		</bndbox>
	</object>
	<object>
		<name>pod</name>
		<pose>Unspecified</pose>
		<truncated>0</truncated>
		<difficult>0</difficult>
		<bndbox>
			<xmin>482</xmin>
			<ymin>589</ymin>
			<xmax>513</xmax>
			<ymax>626</ymax>
		</bndbox>
	</object>
	<object>
		<name>pod</name>
		<pose>Unspecified</pose>
		<truncated>0</truncated>
		<difficult>0</difficult>
		<bndbox>
			<xmin>477</xmin>
			<ymin>546</ymin>
			<xmax>496</xmax>
			<ymax>586</ymax>
		</bndbox>
	</object>
	<object>
		<name>pod</name>
		<pose>Unspecified</pose>
		<truncated>0</truncated>
		<difficult>0</difficult>
		<bndbox>
			<xmin>512</xmin>
			<ymin>434</ymin>
			<xmax>536</xmax>
			<ymax>460</ymax>
		</bndbox>
	</object>
	<object>
		<name>pod</name>
		<pose>Unspecified</pose>
		<truncated>0</truncated>
		<difficult>0</difficult>
		<bndbox>
			<xmin>579</xmin>
			<ymin>438</ymin>
			<xmax>595</xmax>
			<ymax>469</ymax>
		</bndbox>
	</object>
	<object>
		<name>pod</name>
		<pose>Unspecified</pose>
		<truncated>0</truncated>
		<difficult>0</difficult>
		<bndbox>
			<xmin>629</xmin>
			<ymin>386</ymin>
			<xmax>642</xmax>
			<ymax>412</ymax>
		</bndbox>
	</object>
	<object>
		<name>pod</name>
		<pose>Unspecified</pose>
		<truncated>0</truncated>
		<difficult>0</difficult>
		<bndbox>
			<xmin>566</xmin>
			<ymin>525</ymin>
			<xmax>595</xmax>
			<ymax>536</ymax>
		</bndbox>
	</object>
</annotation>
